<?xml version="1.0" encoding="utf-8" ?>
<dwsync>
<file name="animate.css" server="ftp.gapo.com.my" local="133076180555520191" remote="133090101600000000" Dst="0" />
<file name="bukuTarik.css" server="ftp.gapo.com.my" local="133085677323778295" remote="133090102200000000" Dst="0" />
<file name="bootstrap.min.css" server="ftp.gapo.com.my" local="133085597963367231" remote="133090102200000000" Dst="0" />
<file name="googlefont.css" server="ftp.gapo.com.my" local="133085146222206013" remote="133090102200000000" Dst="0" />
<file name="jquery.min.js" server="ftp.gapo.com.my" local="132174099000000000" remote="133090102200000000" Dst="0" />
<file name="magnific-popup.css" server="ftp.gapo.com.my" local="133076180557602637" remote="133090102200000000" Dst="0" />
<file name="owl.carousel.min.css" server="ftp.gapo.com.my" local="133086763473030496" remote="133090102200000000" Dst="0" />
<file name="responsive.css" server="ftp.gapo.com.my" local="133085721264111191" remote="133090102200000000" Dst="0" />
<file name="simple-line-icons.min.css" server="ftp.gapo.com.my" local="133085597967095504" remote="133090102200000000" Dst="0" />
<file name="style.css" server="ftp.gapo.com.my" local="133089936681436413" remote="133090102200000000" Dst="0" />
</dwsync>