<?xml version="1.0" encoding="utf-8" ?>
<dwsync>
<file name="BookAnimate1.png" server="ftp.gapo.com.my" local="133085478236804873" remote="133090102200000000" Dst="0" />
<file name="BookAnimate3.png" server="ftp.gapo.com.my" local="133085505153992498" remote="133090102200000000" Dst="0" />
<file name="BookAnimate2.png" server="ftp.gapo.com.my" local="133085488989943829" remote="133090102200000000" Dst="0" />
<file name="favicon.png" server="ftp.gapo.com.my" local="133076322175019583" remote="133090102200000000" Dst="0" />
<file name="gapo-dark.png" server="ftp.gapo.com.my" local="133076319212380910" remote="133090102200000000" Dst="0" />
<file name="gapo-light.png" server="ftp.gapo.com.my" local="133076319611179870" remote="133090102200000000" Dst="0" />
<file name="BookAnimate4.png" server="ftp.gapo.com.my" local="133085509847547722" remote="133090102200000000" Dst="0" />
<file name="bookstore1.png" server="ftp.gapo.com.my" local="133076194499656050" remote="133090102200000000" Dst="0" />
</dwsync>