<?xml version="1.0" encoding="utf-8" ?>
<dwsync>
<file name="browse.html" server="ftp.gapo.com.my" local="133090125629946529" remote="133090125600000000" Dst="0" />
<file name="ebooks.html" server="ftp.gapo.com.my" local="133090081875717720" remote="133090102200000000" Dst="0" />
<file name="find.html" server="ftp.gapo.com.my" local="133090010515259728" remote="133090102200000000" Dst="0" />
<file name="index.html" server="ftp.gapo.com.my" local="133090092954196045" remote="133090102800000000" Dst="0" />
<file name="offer.html" server="ftp.gapo.com.my" local="133090063153529476" remote="133090102200000000" Dst="0" />
<file name="preloved.html" server="ftp.gapo.com.my" local="133090068553441840" remote="133090102200000000" Dst="0" />
<file name="preview.html" server="ftp.gapo.com.my" local="133090024145930303" remote="133090102200000000" Dst="0" />
<file name="shop.html" server="ftp.gapo.com.my" local="133090095818796704" remote="133090102200000000" Dst="0" />
</dwsync>