<?xml version="1.0" encoding="utf-8" ?>
<dwsync>
<file name="bootstrap.min.js" server="ftp.gapo.com.my" local="133085153474500972" remote="133090102200000000" Dst="0" />
<file name="jquery.ajaxchimp.min.js" server="ftp.gapo.com.my" local="133085140353156364" remote="133090102200000000" Dst="0" />
<file name="jquery-1.12.4.min.js" server="ftp.gapo.com.my" local="133085597973781419" remote="133090102200000000" Dst="0" />
<file name="jquery.easing.js" server="ftp.gapo.com.my" local="133085136758220295" remote="133090102200000000" Dst="0" />
<file name="jquery.min.js" server="ftp.gapo.com.my" local="132174099000000000" remote="133090102200000000" Dst="0" />
<file name="jquery.scrollUp.min.js" server="ftp.gapo.com.my" local="133085139287082735" remote="133090102200000000" Dst="0" />
<file name="magnific-popup.min.js" server="ftp.gapo.com.my" local="133085597974638254" remote="133090102200000000" Dst="0" />
<file name="main.js" server="ftp.gapo.com.my" local="133076180597730129" remote="133090102200000000" Dst="0" />
<file name="modernizr.js" server="ftp.gapo.com.my" local="133085597974977117" remote="133090102200000000" Dst="0" />
<file name="owl.carousel.min.js" server="ftp.gapo.com.my" local="133076180593360006" remote="133090102200000000" Dst="0" />
<file name="wow.min.js" server="ftp.gapo.com.my" local="133085597975286082" remote="133090102200000000" Dst="0" />
</dwsync>