<?xml version="1.0" encoding="utf-8" ?>
<dwsync>
<file name="Book1.jpg" server="ftp.gapo.com.my" local="133073779339708022" remote="133090101600000000" Dst="0" />
<file name="Book2.jpg" server="ftp.gapo.com.my" local="133073781396806878" remote="133090101600000000" Dst="0" />
<file name="book1b.jpg" server="ftp.gapo.com.my" local="133073779730229479" remote="133090101600000000" Dst="0" />
<file name="Book2.webp" server="ftp.gapo.com.my" local="133073780176833912" remote="133090101600000000" Dst="0" />
<file name="Book2a.jpg" server="ftp.gapo.com.my" local="133073780288172646" remote="133090101600000000" Dst="0" />
<file name="Book3.jpg" server="ftp.gapo.com.my" local="133073781166916136" remote="133090101600000000" Dst="0" />
<file name="Book2b.jpg" server="ftp.gapo.com.my" local="133073780387216997" remote="133090101600000000" Dst="0" />
<file name="Book4.jpg" server="ftp.gapo.com.my" local="133073781587241659" remote="133090101600000000" Dst="0" />
<file name="Book4a.jpg" server="ftp.gapo.com.my" local="133073781741320726" remote="133090101600000000" Dst="0" />
<file name="centless.jpg" server="ftp.gapo.com.my" local="133085730272924354" remote="133090101600000000" Dst="0" />
<file name="centless.svg" server="ftp.gapo.com.my" local="133085729415112447" remote="133090101600000000" Dst="0" />
<file name="Book4b.jpg" server="ftp.gapo.com.my" local="133073781823254378" remote="133090101600000000" Dst="0" />
<file name="book1a.jpg" server="ftp.gapo.com.my" local="133073779886326517" remote="133090101600000000" Dst="0" />
<file name="FeedBooks.jpg" server="ftp.gapo.com.my" local="133085735480960196" remote="133090101600000000" Dst="0" />
<file name="FeedBooks.png" server="ftp.gapo.com.my" local="133085734840059269" remote="133090101600000000" Dst="0" />
<file name="LibGen.png" server="ftp.gapo.com.my" local="133085727771719356" remote="133090101600000000" Dst="0" />
<file name="manybooks.jpg" server="ftp.gapo.com.my" local="133085730896696846" remote="133090101600000000" Dst="0" />
<file name="Top10.jpg" server="ftp.gapo.com.my" local="133085692120362555" remote="133090101600000000" Dst="0" />
<file name="Top1.jpg" server="ftp.gapo.com.my" local="133085680867860202" remote="133090101600000000" Dst="0" />
<file name="overdrive.png" server="ftp.gapo.com.my" local="133085724732106757" remote="133090101600000000" Dst="0" />
<file name="Top11.jpg" server="ftp.gapo.com.my" local="133085692629563386" remote="133090101600000000" Dst="0" />
<file name="Top12.jpg" server="ftp.gapo.com.my" local="133085693283117338" remote="133090101600000000" Dst="0" />
<file name="Top3.jpg" server="ftp.gapo.com.my" local="133085684130787364" remote="133090101600000000" Dst="0" />
<file name="Top2.png" server="ftp.gapo.com.my" local="133085682013836721" remote="133090101600000000" Dst="0" />
<file name="Top4.jpeg" server="ftp.gapo.com.my" local="133085684846028522" remote="133090101600000000" Dst="0" />
<file name="Top4.jpg" server="ftp.gapo.com.my" local="133085685720520221" remote="133090101600000000" Dst="0" />
<file name="Top5.jpg" server="ftp.gapo.com.my" local="133085686304313837" remote="133090101600000000" Dst="0" />
<file name="Top6.jpg" server="ftp.gapo.com.my" local="133085686982895354" remote="133090101600000000" Dst="0" />
<file name="Top8.jpg" server="ftp.gapo.com.my" local="133085689594841207" remote="133090101600000000" Dst="0" />
<file name="Top7.jpg" server="ftp.gapo.com.my" local="133085688068554813" remote="133090101600000000" Dst="0" />
<file name="Top9.jpg" server="ftp.gapo.com.my" local="133085691207965414" remote="133090101600000000" Dst="0" />
<file name="Top2.jpg" server="ftp.gapo.com.my" local="133085682941481187" remote="133090101600000000" Dst="0" />
<file name="feedbooks.jpg" server="ftp.gapo.com.my" local="133085735480960196" remote="133090102800000000" Dst="0" />
</dwsync>