{
  "project_info": {
    "project_number": "1014211575319",
    "project_id": "tanya-78580",
    "storage_bucket": "tanya-78580.appspot.com"
  },
  "client": [
    {
      "client_info": {
        "mobilesdk_app_id": "1:1014211575319:android:e1e974beb7bf41251da652",
        "android_client_info": {
          "package_name": "com.tanya"
        }
      },
      "oauth_client": [
        {
          "client_id": "1014211575319-6gh80c06c191dlu9oaau6imi9vma8lp7.apps.googleusercontent.com",
          "client_type": 3
        }
      ],
      "api_key": [
        {
          "current_key": "AIzaSyAOvZTqqSwS0rUG5WNABQ3SdwZo0i5n5s8"
        }
      ],
      "services": {
        "appinvite_service": {
          "other_platform_oauth_client": [
            {
              "client_id": "1014211575319-6gh80c06c191dlu9oaau6imi9vma8lp7.apps.googleusercontent.com",
              "client_type": 3
            }
          ]
        }
      }
    }
  ],
  "configuration_version": "1"
}